"flag","content","comment",
"$TITLE_START_DEMO","Старт ДЕМО",
"$TITLE_FULL_GAME","ПОЛНАЯ ВЕРСИЯ",
"$TITLE_START_GAME","Старт игры",
"$TITLE_START","Начать",
"$TITLE_QUIT","Выйти",
"$TITLE_EULA_1","Для продолжения ознакомтесь"
"$TITLE_EULA_2","Конец Пользовательского соглашения"
"$TITLE_PLEASE_WAIT","<RE>$MISC_PLEASE_WAIT","COMMENT: this is a redirect, the text for $MISC_PLEASE_WAIT will be duplicated here. The <RE> invocation at the beginning of the string signals a redirect, and will not show up in the final text",
"$TITLE_BONUS_GOODIES","Приятные бонусы"
"$TITLE_CONNECTING_KONG","Подключение к KONG...",
"$TITLE_UNLOAD_MOD","Отгрузить Мод",
"$TITLE_RELOAD_MOD","Перезагрузить Мод",
"$DEMO_OVER_PLEASE_WAIT","<RE>$MISC_PLEASE_WAIT",
"$DEMO_OVER_DONT_FORGET","Don't forget your save file!",
"$DEMO_OVER_EXPORT_HOW","Export your save file with this button.",
"$DEMO_OVER_USE_IT","Use it to continue from where you left off!",
"$DEMO_OVER_PLAY","Keep Playing!",
"$DEMO_OVER_THANKS","Thanks for Playing!",
"$DEMO_OVER_ENORMOUS","Click the enormous button to continue your quest!",
"$DEMO_OVER_ENORMOUS_2","Click an enormous button to continue your quest!",
"$DEMO_OVER_FULL_GAME","Купить ПОЛНУЮ ВЕРСИЮ!",
"$DEMO_OVER_FULL_GAME_SHORT","ПОЛНАЯ<N>ВЕРСИЯ!","COMMENT: <N> means a line break. <N> works too, but not <N> or <n>",
"$DEMO_OVER_ACTS","Acts<N>III & IV",
"$ERROR_TITLE","An Error Has Happened!",
"$ERROR_NUMBER","Ошибка #",
"$ERROR_CONTEXT","context",
"$ERROR_MESSAGE","message",
"$ERROR_STACK","stack trace",
"$PARTY_FROM_BATTLE","From battle",
"$PARTY_GO_TO_MAP","К карте",
"$PARTY_RETURN_TOWN","Return to Town",
"$PARTY_CANT_WEAPON","Can't<N>use<N>WEAPONS",
"$PARTY_CANT_ARMOR","Can't<N>use<N>ARMOR",
"$PARTY_RESET_POINTS","Сброс",
"$PARTY_X_PTS","<X> очк",
"$PARTY_REDESIGN","Redesign",
"$PARTY_CONFIRM_CHANGES","Изменнения приняты",
"$PARTY_FAILED","Уровень провален!",
"$PARTY_FAILED_DESC","<MCG> was slain.","COMMENT: <MCG> is a variable. In this exact string, the game expects this exact variable, and will replace <MCG> with Azra's name. Any other variable is ignored and will appear as-is.",
"$PARTY_NO_NEW_ACHIEVE","Нет новых достижений.",
"$PARTY_WELL_DONE","Успех!",
"$PARTY_ACHIEVE_SINGULAR","достижение",
"$PARTY_ACHIEVE_PLURAL","достижения",
"$PARTY_1_NEW_ACHIEVE","Одно достижение!",
"$PARTY_X_NEW_ACHIEVE","<NUM> новых достижений!",
"$PARTY_PERFECT_WORD","Прелестно!",
"$PARTY_PASSED_WORD","Пройдено",
"$PARTY_FAIL_PENALTY","ПРОВАЛ",
"$PARTY_TOTAL","Всего",
"$PARTY_PERFECT","ПОТРЯСНО!",
"$PARTY_PERFECT+","ПОТРЯСНО!+",
"$PARTY_PERFECT++","ПОТРЯСНО!++",
"$PARTY_PERFECT_DESC","<MCG> survived unharmed!",
"$PARTY_PERFECT++_DESC","<MCG> and <ALLY><N>were unharmed!","COMMENT: The game will put Zelemir, Tletl-Meztli, or any other alternate mcguffin's name where <ALLY> appears.",
"$PARTY_PERFECT+_DESC","<MCG> was unharmed!<N><ALLY> was injured!",
"$PARTY_PERFECT_ALLY_DEAD_DESC","<MCG> was unharmed, but <ALLY> perished.",
"$PARTY_PASSED","Уровень пройден!",
"$PARTY_PASSED+","Уровень пройден!+",
"$PARTY_PASSED++","Уровень пройден!++",
"$PARTY_PASSED_DESC","<MCG> surived the battle,<N>with injuries.",
"$PARTY_PASSED_ALLY_DEAD_DESC","<ALLY> was slain,<N>but <MCG> survived.",
"$PARTY_PASSED+_DESC","<MCG> was injured!<N><ALLY> survived!",
"$PARTY_PASSED++_DESC","<MCG> was injured!<N><ALLY> survived unharmed!",
"$PARTY_DEFEATED_WAVE_X","Defeated wave <X>",
"$PARTY_REACHED_WAVE_X","Reached wave <X>",
"$PARTY_NO_POINTS","There's no skill points to re-assign!",
"$PARTY_NO_AFFORD","You can't afford that!<N>Cost:<T><COST><N><T>Scrap:<T><SCRAP>",
"$PARTY_RE_ASSIGN","Re-assign all of <NAME>'s skills?<N>Cost:<T><COST><N>Scrap:<T><SCRAP>",
"$PARTY_CHANGE_NAME","Переимен.",
"$PARTY_CONFIRM_POINTS_1_1","Permanently assign 1 skill point to 1 character?","COMMENT: There are 4 variants here to handle the various pluralizations",
"$PARTY_CONFIRM_POINTS_1_X","Permanently assign 1 skill point to <CHARS> characters?",
"$PARTY_CONFIRM_POINTS_X_1","Permanently assign <POINTS> skill points to 1 character?",
"$PARTY_CONFIRM_POINTS_X_X","Permanently assign <POINTS> skill points to <CHARS> characters?",
"$PARTY_POINT","очко",
"$PARTY_POINTS","очков",
"$PARTY_CHARACTER","character",
"$PARTY_CHARACTERS","characters",
"$PARTY_CONFIRM_POINTS_TITLE","Confirm Skill Points",
"$PARTY_RENAME","Переимен.",
"$PARTY_REDESIGN","Переодеть",
"$UI_EQUIP_NAME","Name",
"$UI_EQUIP_STAT","Stat",
"$UI_EQUIP_OWNER","Owner",
"$UI_EQUIP_SHOW_EQUIPPED","Show Equipped",
"$UI_EQUIP_CLASS_CANT_W","This class can't equip weapons!",
"$UI_EQUIP_CLASS_CANT_A","This class can't equip armor!",
"$UI_EQUIP_ALL_W_SWORD","All swords equipped!",
"$UI_EQUIP_ALL_W_BOW","All bows equipped!",
"$UI_EQUIP_ALL_W_STAFF","All staffs equipped!",
"$UI_EQUIP_ALL_A_LIGHT","All light armor equipped!",
"$UI_EQUIP_ALL_A_HEAVY","All heavy armor equipped!",
"$UI_EQUIP_ALL_W_BOOK","All books equipped!",
"$UI_EQUIP_NO_W_SWORD","No swords owned!",
"$UI_EQUIP_NO_W_BOW","No bows owned!",
"$UI_EQUIP_NO_W_STAFF","No staffs owned!",
"$UI_EQUIP_NO_A_LIGHT","No light armor owned!",
"$UI_EQUIP_NO_A_HEAVY","No heavy armor owned!",
"$UI_ACCEPT_NUMS","font:18,off_y:1,off_x:-3","COMMENT: Font size and x/y offsets for options menu button labels",
"$UI_BACK_NUMS","font:18,off_y:1,off_x:-3",
"$UI_AUDIO_NUMS","font:18,off_y:1,off_x:-2",
"$UI_VIDEO_NUMS","font:18,off_y:1,off_x:-2",
"$UI_MISC_NUMS","font:18,off_y:1,off_x:-2",
"$UI_ACCESS_NUMS","font:18,off_y:1,off_x:-2,show_boxes:1,absence_off_x:0,speed_off_x:0","COMMENT: hide/show accessibility box graphic, offset for 'absence' text, offset for 'speed' text",
"$UI_ACHIEVEMENTS_NUMS","font:18,off_y:0,pop_up_off_y:0",
"$UI_RESTART_NUMS","font:18,off_y:1,off_x:-2",
"$UI_QUIT_NUMS","font:18,off_y:1,off_x:-2",
"$UI_CONTROLS_NUMS","font:18,off_y:1,off_x:-2",
"$UI_OPTIONS_NUMS","font:18,off_y:1,off_x:-2",
"$UI_CONTROLS_TITLE","Настройки",
"$UI_VIDEO_TITLE","Видео",
"$UI_AUDIO_TITLE","Аудио",
"$UI_ACCESS_TITLE","Accessibility",
"$UI_MISC_TITLE","Miscellaneous",
"$UI_OPTIONS_TITLE","Опции",
"$UI_OPTIONS_MENU","Опции",
"$UI_OPTIONS_SPEED","Скорость игры",
"$UI_ACHIEVEMENTS_TITLE","Достижения",
"$UI_ACHIEVEMENTS_BUTTON_NUMBERS","font:18,offy:-2",
"$UI_SFX","SFX:",
"$UI_MUSIC","Music:",
"$UI_ACCESS_REWARDS","НАГРАДЫ",
"$UI_ACCESS_PENALTIES","PENALTIES",
"$UI_ACCESS_DEFAULT","По-умолчанию",
"$UI_ACCESS_FAIL","FAILURE",
"$UI_ACCESS_ABSENCE","ABSENCE",
"$UI_ACCESS_FLASHING","Flashing Effects",
"$UI_ACCESS_SPEED","Скорость Игры",
"$UI_BONUS_BONUS_LEVELS","Призовые Уровни",
"$UI_BONUS_STARS_LINE","<STAR_NUM> <STAR_COLOR> stars",
"$UI_BONUS_GOLD_STARS_LINE","<STAR_NUM> gold stars",
"$UI_BONUS_BLUE_STARS_LINE","<STAR_NUM> blue stars",
"$UI_MOVIE_SELECT_A_MOVIE","Select a Movie",
"$UI_MOVIE_SCENE","scene",
"$UI_MOVIE_QUEST","quest",
"$UI_TIPS_TITLE","Советы",
"$UI_UPDATER_CANCEL","<RE>$MISC_CANCEL",
"$UI_UPDATER_SECURED_WITH","This update mechanism is secured with HTTPS,<N>as well as public key fingerprint verification.",
"$UI_UPDATER_ASK_DOWNLOAD","Download the update?",
"$UI_UPDATER_SERVER_TIMEOUT","Server Timeout!",
"$UI_UPDATER_NO_INFO","Couldn't find update info on server.",
"$UI_UPDATER_NO_BIG_DEAL","This isn't a big deal, you can still play the game, you just can't reach the update server right now.",
"$UI_UPDATER_DEB","DEB package",
"$UI_UPDATER_RPM","RPM package",
"$UI_UPDATER_TARGZ","TAR.GZ archive",
"$UI_UPDATER_CHECKING","Checking for updates...",
"$UI_UPDATER_UPDATE_EXISTS","Updated version available!",
"$UI_UPDATER_CURRENT_VERSION","Current Version:<T>",
"$UI_UPDATER_NEWEST_VERSION","Newest   Version:<T>",
"$UI_UPDATER_NO_UPDATES","No updates are available",
"$UI_UPDATER_PLEASE_WAIT","<RE>$MISC_PLEASE_WAIT",
"$UI_UPDATER_TRYING_30","Trying for 30 seconds",
"$UI_UPDATER_CONNECT_AGAIN","Connecting Again",
"$UI_UPDATER_ERROR!","ERROR!",
"$UI_UPDATER_DETAILS","Details:",
"$UI_UPDATER_NO_VERIFY","Couldn't verify update file.",
"$UI_UPDATER_NO_DOWNLOAD","Couldn't download update file.",
"$UI_UPDATER_CHECKSUM_MISMATCH","The file's checksum didn't match what we expected.<N><N>Possible causes are an incomplete download (likely), a security problem (unlikely), or cosmic rays (you never know!).<N><N>Either way, the update failed.",
"$UI_UPDATER_GIVE_UP","Give Up",
"$UI_UPDATER_TRY_AGAIN","Try Again",
"$UI_UPDATER_CONNECTING","Connecting to server...",
"$UI_UPDATER_DOWNLOADING_FILE","Downloading update file...",
"$UI_UPDATER_DOWNLOADING_SIG","Downloading update signature...",
"$UI_UPDATER_CHECKSUM","Calculating checksum...",
"$UI_UPDATER_NAVIGATING","Navigating to file...",
"$UI_UPDATER_CLOSE_WINDOW","You must close this window before installing the update.",
"$UI_UPDATER_FILE_IS_AT","Your update file is located at:",
"$UI_UPDATER_IF_NO_WINDOW","If a navigation folder does not open, try going there manually.",
"$UI_UPDATER_DOWNLOADED","Update Downloaded!",
"$UI_UPDATER_NAVIGATE_NOW","Navigate to file now?",
"$UI_UPDATER_NOTE","Note:",
"$UI_UPDATER_SECURITY","For security reasons, you must run the downloaded installer manually.<N><N>This program will navigate to your file's download location.",
"$UI_UPDATER_INSTALLING","Installing Update...",
"$UI_UPDATER_EXITING","Exiting Application...",
"$UI_DEFENDER_RECALL_LINE","RECALL: +<PSI> Psi",
"$UI_DEFENDER_BOOST","BOOST: <PSI> Psi",
"$UI_DEFENDER_BOOST_NEED","BOOST: Need <PSI> Psi",
"$UI_DEFENDER_BOOST_MAX","MAXIMUM BOOST",
"$UI_DEFENDER_BOOST_UNLOCK","Unlocks at BOOST LEVEL <LVL>",
"$UI_DEFENDER_CLICK_TO","(Click to enable/disable)",
"$UI_DEFENDER_TECHNIQUES","TECHNIQUES",
"$UI_DEFENDER_TECHNIQUE","Technique",
"$UI_DEFENDER_TRAITS","TRAITS",
"$UI_DEFENDER_TRAIT","Trait",
"$UI_DEFENDER_RECALL","Recall",
"$UI_SKILLS_CLICK_TO_UPGRADE","Click to Upgrade.",
"$UI_SKILLS_MAX","MAXIMUM",
"$MISC_MAX","MAX",
"$UI_SKILLS_NO_POINTS","No points available.",
"$UI_SKILLS_REQ_1PT","REQUIRES: Char. LVL <LVL>,<N><PT> point in <SKILL>",
"$UI_SKILLS_REQ_XPT","REQUIRES: Char. LVL <LVL>,<N><PT> points in <SKILL>",
"$UI_SKILLS_NO_LEARN_SPELL","You haven't learned this spell yet.",
"$UI_SKILLS_MOUSE_OVER","Mouse-over to inspect.",
"$UI_EQUIP_OWNED","owned",
"$UI_EQUIP_COMPARE","compare",
"$UI_EQUIP_PRICE","price",
"$UI_EQUIP_SHOW_EQUIPPED","Show equipped",
"$UI_EQUIP_EQUIP_AFTER","Equip after purchase",
"$UI_EQUIP_EQUIP_WHO","Who will equip it?",
"$UI_EQUIP_EQUIPPED","Equipped",
"$UI_EQUIP_MAX_OWNED","MAXIMUM OWNED",
"$UI_EQUIP_ALL_W_SWORD_EQUIPPED","All swords equipped!",
"$UI_EQUIP_ALL_W_STAFF_EQUIPPED","All staffs equipped!",
"$UI_EQUIP_ALL_W_BOW_EQUIPPED","All bows equipped!",
"$UI_EQUIP_ALL_A_LIGHT_EQUIPPED","All light armor equipped!",
"$UI_EQUIP_ALL_A_HEAVY_EQUIPPED","All heavy armor equipped!",
"$UI_EQUIP_CANT_UPGRADE_W_SWORD","You have no swords I could improve!",
"$UI_EQUIP_CANT_UPGRADE_W_BOW","You have no bows I could improve!",
"$UI_EQUIP_CANT_UPGRADE_W_STAFF","You have no staffs I could improve!",
"$UI_EQUIP_CANT_UPGRADE_A_LIGHT","You have no light armor I could improve!",
"$UI_EQUIP_CANT_UPGRADE_A_HEAVY","You have no heavy armor I could improve!",
"$UI_EQUIP_NO_W_SWORD","No swords owned!",
"$UI_EQUIP_NO_W_STAFF","No staffs owned!",
"$UI_EQUIP_NO_W_BOW","No bows owned!",
"$UI_EQUIP_NO_A_LIGHT","No light armor owned!",
"$UI_EQUIP_NO_A_HEAVY","No heavy armor owned!",
"$UI_EULA_TITLE","END USER LICENSE AGREEMENT",
"$UI_ACHIEVE_COMPLETION","Completion",
"$UI_ACHIEVE_CATEGORIES","Categories",
"$UI_ACHIEVE_POP_UP","Pop-up Notifier",
"$UI_ACHIEVE_TRAINER","Trainer",
"$UI_ACHIEVE_EASY","Easy",
"$UI_ACHIEVE_MEDIUM","Medium",
"$UI_ACHIEVE_HARD","Hard",
"$UI_ACHIEVE_IMPOSSIBLE","Impossible",
"$UI_CONTROLS_SPELL","Spell",
"$UI_CONTROLS_CLASS","Class",
"$UI_CONTROLS_CHARACTER","Character",
"$UI_CONTROLS_TARGET","Target",
"$UI_CONTROLS_PAUSE","Pause",
"$UI_CONTROLS_MINUS_SPEED","- Speed",
"$UI_CONTROLS_PLUS_SPEED","+ Speed",
"$UI_CONTROLS_BOOST","Boost",
"$UI_CONTROLS_RECALL","Recall",
"$UI_CONTROLS_BACK","Назад",
"$UI_CONTROLS_PRESETS","Presets",
"$UI_CONTROLS_TAB_NAV","Tab<N>Navigation",
"$UI_CONTROLS_CYCLE","Cycle<N>Defenders",
"$UI_CONTROLS_CYCLE_NUMS","off_x:-5,off_y:0","COMMENT: moves the 'cycle defenders' text and associated buttons",
"$UI_CONTROLS_SCROLL","Scroll Map,<N>Place Defender",
"$UI_CONTROLS_MOVE_CURSOR","Move Cursor",
"$UI_CONTROLS_VIRTUAL_MOUSE","Virtual Mouse",
"$UI_CONTROLS_CLICK","Click",
"$UI_CONTROLS_SPEED","Speed",
"$UI_CONTROLS_ACCEL","Acceleration",
"$UI_CONTROLS_SLOWEST","Slowest",
"$UI_CONTROLS_SLOW","Slow",
"$UI_CONTROLS_NORMAL","Normal",
"$UI_CONTROLS_FAST","Fast",
"$UI_CONTROLS_NONE","None",
"$UI_CONTROLS_PRESET_QWERTY","Qwerty",
"$UI_CONTROLS_PRESET_LEFTY","Lefty",
"$UI_CONTROLS_PRESET_AZERTY","Azerty",
"$UI_CONTROLS_PRESET_QWERTZ","Qwertz",
"$UI_CONTROLS_PRESET_DVORAK","Dvorak",
"$UI_CONTROLS_PRESET_CUSTOM","Custom",
"$UI_DOWNLOAD_WARNING","DISABLE YOUR<N>POP-UP BLOCKER!",
"$UI_DOWNLOAD_BODY","Click a button to download the<N>desktop version of the game.<N><N>It will download in a new window/tab.<N>There might be a slight delay, so give it<N>a minute and try not to spam the buttons.",
"$UI_DOWNLOAD_LINUX","Linux",
"$UI_DOWNLOAD_WINDOWS","Windows",
"$UI_DOWNLOAD_MACINTOSH","Macintosh",
"$UI_DOWNLOAD_SOUNDTRACK","Soundtrack",
"$UI_CONFLICT_TITLE","Steam Cloud Conflict!",
"$UI_CONFLICT_MSG","We're not sure which of these should go in Slot <SLOT>.<N>Please pick the one you want to keep.",
"$UI_CONFLICT_CLOUD","CLOUD",
"$UI_CONFLICT_LOCAL","COMPUTER",
"$UI_CONFLICT_BETTER","We think this one seems better",
"$UI_CONFLICT_BUTTON","Use this",
"$UI_CONFLICT_NGP","New Game+",
"$UI_CONFLICT_BACKUP","Backup the file I don't pick to:<N><LOC>",
"$UI_GAMEPLAY_MISCELLANEOUS","Miscellaneous",
"$UI_GAMEPLAY_CLOUD_SAVE","Облачное сохранение",
"$UI_GAMEPLAY_OFF","Выкл",
"$UI_GAMEPLAY_ON","Вкл",
"$UI_GAMEPLAY_TUTORIALS","Введение",
"$UI_GAMEPLAY_DIALOGUE","Dialogue",
"$UI_GAMEPLAY_NEVER","Never",
"$UI_GAMEPLAY_ALWAYS","Always",
"$UI_GAMEPLAY_DEFAULT","New Battles Only",
"$UI_GAMEPLAY_BATTLE_NUMBERS","Battle Numbers",
"$UI_GAMEPLAY_HIDE","Hide",
"$UI_GAMEPLAY_SHOW","Show",
"$UI_GAMEPLAY_TRACKING","Data Tracking",
"$UI_GAMEPLAY_TRACK_YES","Let us track anonymous play stats",
"$UI_GAMEPLAY_TRACK_NO","Don't track me, bro!",
"$UI_GAMEPLAY_AUTO_UPDATE","Auto-Updater",
"$UI_GAMEPLAY_ENABLE_UPDATER","Check for updates when game starts",
"$UI_GAMEPLAY_DISABLE_UPDATER","Disable auto-updater",
"$UI_GAMEPLAY_SLOW_FOOTNOTE","Might slow down the game",
"$UI_SAVE_PATH","Save Files Path...",
"$UI_MOD_PATH","Mod Files Path...",
"$TOOLTIP_CHANGE_PATH_1","NOTE:",
"$TOOLTIP_CHANGE_PATH_2","Your old files won't automatically transfer to the new location.<N><N>They will remain in the original directory.",
"$UI_VIDEO_IF_DOESNT_WORK","Если вам не понравится настройка,<N>всё вернется через несколько секунд.",
"$UI_VIDEO_RES_CHANGED","Разрешение изменено.<N>Вам нравится?<N><N>Вернём всё назад через <TIME> секунд",
"$UI_VIDEO_SETTINGS","Настройки Видео",
"$UI_VIDEO_WARNING","Video options disabled in browser mode.",
"$UI_VIDEO_WARNING2","Your system configuration does not support in-game resolution switching, unfortunately :(",
"$UI_VIDEO_WARNING3","In COMPATIBILITY MODE, resolution switching is disabled.<N><N>Sorry about that!",
"$UI_VIDEO_MOUSE","Курсор мыши",
"$UI_VIDEO_MOUSE_DEFAULT","Обычный",
"$UI_VIDEO_MOUSE_FANCY","Прикольный",
"$UI_VIDEO_PARTICLES","Particles",
"$UI_VIDEO_AOE","Hilight area attacks",
"$UI_VIDEO_CHANGE_RES","Изменить разрешение",
"$UI_VIDEO_SCREEN_POS","Позиция экрана",
"$UI_VIDEO_CHANGE_RES_BUTTON","Изменить!",
"$UI_VIDEO_SHOW_ALL_RES","Show All Resolutions",
"$UI_VIDEO_RECOMMENDED","Рекомендуем:",
"$UI_VIDEO_STANDARD_RATIO","(Размер игры)",
"$UI_VIDEO_WIDESCREEN","(Игра при HD разрешении)",
"$UI_VIDEO_PIXELS","Pixels",
"$UI_VIDEO_BIT_DEPTH","Depth",
"$UI_VIDEO_REFRESH","Refresh",
"$UI_VIDEO_SCALE","Увеличивать",
"$UI_VIDEO_CAN_SLOW_GAME","(Делает игру медленее)",
"$UI_VIDEO_WINDOWED","В окне",
"$UI_VIDEO_FULLSCREEN","Во весь экран",
"$UI_SAVE_ERROR_INCOMPAT","Incompatible!",
"$UI_SAVE_ERROR_INCOMPAT_TEXT","Error! You're playing the DEMO<N>and that file is from the FULL version",
"$UI_SAVE_DEMO_IMPORT","Demo Import",
"$UI_SAVE_DEMO_IMPORT_TEXT","That file is from the DEMO. Some adjustments might be made.<N>Is that cool?",
"$UI_SAVE_DEMO_NEWER","File is from NEWER version of game,<N>it might be incompatibile.<N>Try importing anyway?",
"$UI_SAVE_DEMO_OLDER","File is from OLDER version of game<N>some adjustments might be made.<N>Is that cool?",
"$UI_NORM_MOD_INCOMPAT_TEXT","<N>File is from a mod,<N>it might be incompatibile.<N><N>Try importing anyway?",
"$UI_MOD_NORM_INCOMPAT_TEXT","<N>A mod is active, but that<N>file is from the normal game,<N>it might be incompatibile.<N><N>Try importing anyway?",
"$UI_MOD_MOD_INCOMPAT_TEXT","<N>File is from a different mod,<N>it might be incompatible.<N><N>Try importing anyway?",
"$UI_SAVE_DEMO_ATTENTION","Attention!",
"$UI_SAVE_MENU_LOADED","Loading Complete!",
"$UI_SAVE_MENU_CHECK_GOG","Check GOG for free updates!",
"$UI_SAVE_MENU_DOWNLOAD","Get downloadable version",
"$UI_SAVE_MENU_FULL_VERSION","Full Version",
"$UI_SAVE_MENU_KONG_XDEMO_LOGIN","Extended Demo - Log in to kongregate to access the full game!",
"$UI_SAVE_MENU_KONG_XDEMO","Extended Demo Version",
"$UI_SAVE_MENU_KONG_DEMO_LOGIN_FULL","Demo - Log in to kongregate to access the full game!",
"$UI_SAVE_MENU_KONG_DEMO_LOGIN_XDEMO","Demo - Log in to kongregate to access extended content!",
"$UI_SAVE_MENU_KONG_DEMO","Demo Version",
"$UI_SAVE_CONFIRM_DELETE","Confirm Delete?",
"$UI_SAVE_CONFIRM_DELETE_TEXT","PERMANENTLY erase this<N>save slot?",
"$SAVE_SLOT_PLAY","Игра",
"$SAVE_SLOT_PLAY_PLUS","Игра +",
"$SAVE_SLOT_NEW_GAME","Новая игра",
"$SAVE_SLOT_NEW_GAME_PLUS","Новая игра +",
"$SAVE_SLOT_EXPORT","Экспорт",
"$SAVE_SLOT_IMPORT","Импорт",
"$SAVE_SLOT_DELETE","Удалить",
"$UI_DEMO_SAVES_DETECTED","Обнаруженны сохранения!",
"$UI_DEMO_IMPORT_SAVES","Загрузить предыдущие сохранения?",
"$UI_CLOUD_UNKNOWN","Облачные сохранения",
"$UI_CLOUD_UNKNOWN_TEXT","Включить облачные сохранения (Steam Cloud)?",
"$UI_CLOUD_UNKNOWN_TEXT_2","Вы можете изменить эту настройку, в:<N><N>Options:Miscellaneous",
"$UI_MOD_TITLE","Модификации",
"$UI_MOD_LOAD_EXISTING","Load existing Mod",
"$UI_MOD_CREATE_NEW","Создать новый мод",
"$UI_MOD_BROWSE_QUEUE","Мои моды",
"$UI_MOD_BROWSE_WORKSHOP","Steam Workshop",
"$UI_MOD_WEB_BROWSER","Web-Браузер",
"$UI_MOD_INSTALL_STANDALONE","Установить из ZIP",
"$UI_MOD_INSTALL_ERROR","That mod folder name exists.<N>Try installing with a suffix?",
"$UI_MOD_INSTALL_ERROR2","Простите, мы не можем установить мод.",
"$UI_DEFQ_MODS","Мод",
"$UI_MOD_TITLE","Модификация",
"$UI_MOD_DATA_ONLY","Data Only (1M)",
"$UI_MOD_SPRITES"," +4M of Sprites",
"$UI_MOD_MOVIES"," +13M of Movie art",
"$UI_MOD_BKGS"," +42M of Bkg art",
"$UI_MOD_TEMPLATE_SETTINGS","Mod Template Settings",
"$UI_MOD_SELECT_DIR","Select Mod Directory",
"$UI_SAVE_SELECT_DIR","Select Save Directory",
"$UI_MOD_LOAD_MOD","Load Mod",
"$UI_MOD_EXISTS","Mod exists.<N>Load it?",
"$UI_MOD_MISSING","Couldn't find settings.xml.<N>Either there's no mod there,<N>or it's broken.",
"$UI_MOD_NOT_DIR","Whoat!<N>That's not even a directory!<N>Try Again.",
"$UI_MOD_LOADING","Загрузка Мода...",
"$UI_MOD_PLEASE_WAIT","Подождите немного<N>Мы загружаем ваш мод",
"$UI_MOD_PROGRESS","Task <TASK><N>File <FILE><N>",
"$UI_MOD_LOAD_FINISH","Загрузка завершена",
"$UI_MOD_LOAD_FINISH_TEXT","Mod loaded successfully.<N>Game will now Restart.",
"$UI_MOD_LOAD_FAIL","Loading Failed!",
"$UI_MOD_LOAD_FAIL_TEXT","Error loading mod:",
"$UI_MOD_NAME","Enter a Name for this Mod",
"$UI_MOD_EXPORTING","Exporting Data",
"$UI_MOD_EXPORT_FINISH","Export Complete!",
"$UI_MOD_EXPORT_FINISH_TEXT","Your mod is located at:",
"$UI_MOD_EXPORT_CANCEL","Export Cancelled!",
"$UI_MOD_EXPORT_CANCEL_TEXT","Files are located at:",
"$UI_MOD_EXPORT_FAIL","Export Failed!",
"$UI_MOD_EXPORT_FAIL_TEXT","There was an error!",
"$UI_MOD_EXPORT_CHURN","Task <TASK_PROGRESS><N><N><TASK><N><PROGRESS>",
"$UI_MOD_DEFQ_SAVE","Defender's Quest Save Files (*.dfq)",
"$UI_MOD_ALL_FILES","All Files (*.*)",
"$UI_MOD_AUTHOR","Author",
"$UI_MOD_PLAY","Play",
"$UI_MOD_SHARE","Share",
"$UI_MOD_UPDATE","Update",
"$UI_MOD_EDIT","Edit",
"$UI_MOD_WORKSHOP","Workshop",
"$UI_MOD_SHARE_TITLE","Share Mod",
"$UI_MOD_SHARE_TEXT_LOCAL","This will package your mod into a single file for easy distribution.",
"$UI_MOD_SHARE_TEXT_STEAM","This will package and upload your mod to Steam Workshop.",
"$UI_MOD_UPDATE_TEXT_STEAM","This will update your mod on Steam Workshop.",
"$UI_MOD_ZIP_PROGRESS","Task <TASK><N>File <FILE><N>",
"$UI_MOD_ZIP_FINISH","Packaging Complete",
"$UI_MOD_ZIP_FINISH_TEXT","Mod zipped successfully.",
"$UI_MOD_ZIP_FAIL","Packaging Failed!",
"$UI_MOD_ZIP_FAIL_TEXT","There was an error while zipping the files.",
"$UI_MOD_STEAM_UPLOAD","Uploading to Steam...",
"$UI_MOD_STEAM_WAIT","Waiting for response from Steam...<N>(Might be a short wait)",
"$UI_MOD_STEAM_SEND","Sending to Steam",
"$UI_MOD_SHARED","Shared",
"$UI_MOD_SUBSCRIBED","Subscribed",
"$UI_MOD_ZIP_STEAM_FAIL","Upload Failed!",
"$UI_MOD_ZIP_STEAM_FAIL_TEXT","Could not upload the mod to<N>Steam Workshop.",
"$UI_MOD_ZIP_STEAM_FINISH","Upload Complete",
"$UI_MOD_ZIP_STEAM_FINISH_TEXT","Mod successfully uploaded to<N>Steam Workshop",
"$UI_MOD_UPDATE_STEAM_FINISH","Update Complete",
"$UI_MOD_UPDATE_STEAM_FINISH_TEXT","Mod successfully updated on<N>Steam Workshop",
"$UI_MOD_ZIPPING","Packaging Mod Files",
"$UI_MOD_MISSING_SUBSCRIBE","Subscribed Files",
"$UI_MOD_MISSING_SUBSCRIBE_TEXT","Would you like to download:<N><NUM> subscribed workshop file(s)?",
"$UI_MOD_DOWNLOAD","Downloading Mod",
"$UI_MOD_DOWNLOAD_TEXT","",
"$UI_MOD_LATER","Later",
"$UI_EQUIP_WHO_WILL","Who will equip:",
"$UI_EQUIP_CANT_SELL_UNIQUE","Can't sell unique items!",
"$UI_EQUIP_SELL_OLD_WEAPON_FOR","Sell old weapon for <SELL_PRICE> Scrap?",
"$UI_EQUIP_SELL_OLD_ARMOR_FOR","Sell old weapon for <SELL_PRICE> Scrap?",
"$UI_RECRUIT_CLASS_FULL","CLASS IS FULL",
"$UI_RECRUIT_BERSERKER_NUMS","font:14,x_off:0,y_off:0",
"$UI_RECRUIT_RANGER_NUMS","font:14,x_off:0,y_off:0",
"$UI_RECRUIT_KNIGHT_NUMS","font:14,x_off:0,y_off:0",
"$UI_RECRUIT_MAGE_NUMS","font:14,x_off:0,y_off:0",
"$UI_RECRUIT_HEALER_NUMS","font:14,x_off:0,y_off:0",
"$UI_RECRUIT_DRAGON_NUMS","font:14,x_off:0,y_off:0",
"$UI_BATTLE_MORE","MORE",
"$UI_BATTLE_SEND_NEXT","Send<N>NEXT",
"$UI_BATTLE_NEXT","NEXT",
"$UI_BATTLE_WAVES","Волны",
"$UI_BATTLE_WAVE","Волна",
"$UI_BATTLE_CASH_OUT","Cash Out",
"$UI_BATTLE_CASH_OUT?","Cash Out?",
"$UI_BATTLE_CASH_OUT_TEXT","End the battle now and collect any rewards you've earned?",
"$FB_LIKE_US_TEXT","Like us on Facebook and<N>get this FREE prize!",
"$FB_LIKE_US_YES","Okay!",
"$FB_LIKE_US_NO","Hahaha. No.",
"$FB_THANKS_TEXT","Thanks for liking us on Facebook!<N>You already got the prize!",
"$FB_THANKS_OK","Okay",
"$FB_THANKS_SUCKS","Facebook Sucks",
"$FB_REBEL_TEXT","That's right, stick it to the man!<N>Have this instead.",
"$FB_SECOND_PITCH","You can still get this<N>by liking us on Facebook!",
"$FB_SECOND_PITCH_YES","Okay!",
"$FB_SECOND_PITCH_NO","Never!",
"$FB_HARD_SELL_TEXT","You sure about that?<N>Look! It's so shiny!",
"$FB_HARD_SELL_YES","Well... okay.",
"$FB_HARD_SELL_NO","I said never!",
"$FB_PERSISTENT_TEXT","Okay, you win!<N>You can have it anyway :)",
"$FB_PERSISTENT_OK","Victory is mine!",
"$FB_THIS_ITEM_WILL_NOW","This item will now always appear in any player's inventory.",
"$BOOK_PSI_TAX","PSI Tax: ",
"$BOOK_COST_MULT","Spell cost x",
"$BOOK_COOL_MULT","Spell cooldown time x",
"$STATUS_DESC_FB_HAPPY","+<PERCENT>% speed.","COMMENT: Status descriptions have LOTS of variables. Ask Lars is you have any questions.",
"$STATUS_DESC_FB_SAD","-<PERCENT>% speed.",
"$STATUS_DESC_FB_BORED","Can't be bothered to move.",
"$STATUS_DESC_FB_LOL","+<PERCENT>% speed.",
"$STATUS_DESC_FB_OMG","+<PERCENT>% speed, -<PERCENT>% damage resist.",
"$STATUS_DESC_EXISTENTIAL","-<PERCENT>% speed, +<PERCENT>% damage resist.",
"$STATUS_DESC_TROLL","Dodges attacks <PERCENT> % of the time.",
"$STATUS_DESC_ANONYMOUS","+<PERCENT>% chance to doge. Always hits TROLLS for <PERCENT2>% damage",
"$STATUS_DESC_DARK","Dodges non-area attacks <PERCENT>% of the time.",
"$STATUS_DESC_LIGHT","Removes darkness.",
"$STATUS_DESC_FRENZY","Speed up by <M_MULT_PERCENT>%",
"$STATUS_DESC_BLINDED","Attacks miss <PERCENT>% of the time.",
"$STATUS_DESC_BLEED","Takes +<PERCENT>% DMG.",
"$STATUS_DESC_EVER_POISON","<INTI> DMG/sec.",
"$STATUS_DESC_DISEASE","Regeneration reduced by <PERCENT>%",
"$STATUS_DESC_POISON","<INTI> DMG/sec for <TIME> sec",
"$STATUS_DESC_SINGLE_STUN","Can't move. Can only be inflicted once.",
"$STATUS_DESC_STUN","Can't move.",
"$STATUS_DESC_BURN","<AMT_1DIG> DMG/sec<N>Cancelled by ice.",
"$STATUS_DESC_INSPIRED","Attacks deal +<M_MULT_PERCENT>% DMG.",
"$STATUS_DESC_FREEZE","Can't move.<N>Cancelled by fire.",
"$STATUS_DESC_CHILL","-<PERCENT>% speed.<N>Cancelled by fire.",
"$STATUS_DESC_SLOW","-<PERCENT>% speed.",
"$STATUS_TIME_LEFT","<TIME_LEFT>/<TIME> seconds left.",
"$STATUS_TIME_FOREVER","Lasts forever.",
"$FLAV_DESC_LIGHT","DARK foes take +<AMT_2DIG>x<EXTRA>DMG & are easier to hit for <TIME><EXTRA_TIME> sec.",
"$FLAV_DESC_LIGHT_SHORT","DARK foes take extra damage, & are easier to hit.",
"$FLAV_DESC_BLINDED","Enemy attacks miss <PERCENT>% <EXTRA>of the time for <TIME><EXTRA_TIME> sec.",
"$FLAV_DESC_BLINDED_SHORT","Enemy attacks lose accuracy for a few seconds.",
"$FLAV_DESC_CONFUSED","Foe walks backwards for <TIME><EXTRA_TIME> sec.",
"$FLAV_DESC_CONFUSED_SHORT","Foe walks backwards for a few moments.",
"$FLAV_DESC_BLEED","Foe takes <PERCENT>%<EXTRA> more damage from future hits for <TIME><EXTRA_TIME> sec.",
"$FLAV_DESC_BLEED_SHORT","Foe temporarily takes more damage from future hits.",
"$FLAV_DESC_KNOCK_BACK","Foe is pushed back <AMT_1DIG><EXTRA> tiles.",
"$FLAV_DESC_KNOCK_BACK_SHORT","Foe is pushed back a few tiles.",
"$FLAV_DESC_DISEASE","Foe's regeneration is reduced by <PERCENT>%<EXTRA>.",
"$FLAV_DESC_DISEASE_SHORT","Foe's regeneration is reduced.",
"$FLAV_DESC_POISON","Foe takes <PERCENT>%<EXTRA> of attack's dmg every second for <TIME><EXTRA_TIME> sec.",
"$FLAV_DESC_POISON_DIRECT","Foe takes <AMTDMG><EXTRA> dmg every second for <TIME><EXTRA_TIME> sec.",
"$FLAV_DESC_POISON_SHORT","Foe takes damage over a short time.",
"$FLAV_DESC_SINGLE_STUN","Foe can't move for <TIME><EXTRA_TIME> sec. Can only be inflicted once.",
"$FLAV_DESC_SINGLE_STUN_SHORT","Foe can't move for a few seconds. Can only be inflicted once.",
"$FLAV_DESC_STUN","Foe can't move for <TIME><EXTRA_TIME> sec.",
"$FLAV_DESC_STUN_SHORT","Foe can't move temporarily.",
"$FLAV_DESC_AUTO_KILL","Foes below <PERCENT>%<EXTRA> HP automatically die.",
"$FLAV_DESC_AUTO_KILL_SHORT","Sufficiently weak foes automatically die.",
"$FLAV_DESC_BURN","Foe takes <AMTDMG><EXTRA> dmg/sec for <TIME><EXTRA_TIME> sec. Cancelled by ice.",
"$FLAV_DESC_BURN_SHORT","Foe takes damage over a short time. Cancelled by ice.",
"$FLAV_DESC_INSPIRE","Friends deal <M_MULT_PERCENT>%<EXTRA> more damage for <TIME><EXTRA_TIME> sec.",
"$FLAV_DESC_INSPIRE_SHORT","Friends temporarily deal more damage.",
"$FLAV_DESC_FREEZE","Foe can't move for <TIME><EXTRA_TIME> sec. Cancelled by burn.",
"$FLAV_DESC_FREEZE_SHORT","Foe can't move temporarily. Cancelled by burn.",
"$FLAV_DESC_ARMOR_PIERCE_DIRECT","Attack ignores <AMTDMG><EXTRA> points of armor.",
"$FLAV_DESC_ARMOR_PIERCE_AMT_LESS_1","Ignores 1 point of armor for every <INV_AMOUNT><EXTRA> points of DMG in attack.",
"$FLAV_DESC_ARMOR_PIERCE_AMT_GRTR_1","Ignores <AMT_1DIG><EXTRA> points of armor for every point of DMG in attack.",
"$FLAV_DESC_ARMOR_PIERCE_SHORT","Attack ignores several points of armor.",
"$FLAV_DESC_ARMOR_BREAK_DIRECT","Attack destroys <AMTDMG><EXTRA> points of armor.",
"$FLAV_DESC_ARMOR_BREAK_AMT_LESS_1","Destroys 1 point of armor for every <INV_AMOUNT><EXTRA> points of DMG in attack.",
"$FLAV_DESC_ARMOR_BREAK_AMT_GRTR_1","Destroys <AMT_2DIG><EXTRA> points of armor for every point of DMG in attack.",
"$FLAV_DESC_ARMOR_BREAK_SHORT","Attack destroys several points of armor.",
"$FLAV_DESC_CHILL","Foe is slowed by <PERCENT>%<EXTRA> for <TIME><EXTRA_TIME> sec. Cancelled by burn.",
"$FLAV_DESC_CHILL_SHORT","Foe is slowed down for a few seconds. Cancelled by burn.",
"$FLAV_DESC_SLOW","Foe is slowed by <PERCENT>%<EXTRA> for <TIME><EXTRA_TIME> sec.",
"$FLAV_DESC_SLOW_SHORT","Foe is slowed temporarily.",
"$FLAV_DESC_STRIKE_THROUGH","Attack can hit up to <INTI><EXTRA> foes.",
"$FLAV_DESC_STRIKE_THROUGH_SHORT","Attack can hit multiple foes.",
"$FLAV_DESC_CRITICAL","Damage = <AMT_1DIG>x<EXTRA> normal.",
"$FLAV_DESC_CRITICAL_SHORT","Damage is greater than normal.",
"$STAT_DESC_HP","HIT POINTS<N>If it reaches 0, you're knocked out of battle.",
"$STAT_DESC_SPEED","SPEED<N>Attack cooldown speed:<N>Every <SPEED_SHOW_MULT> points increases cooldown speed by 1x",
"$STAT_DESC_SPEED_ENEMY","SPEED<N>How fast an enemy moves and attacks. 1 point = 1 tile per second.",
"$STAT_DESC_ATTACK","ATTACK<N>Makes techniques do more damage.",
"$STAT_DESC_ATTACK_ENEMY","ATTACK<N>Damage inflicted by enemy's best attack.",
"$STAT_DESC_DEFENSE","DEFENSE<N>Amount of damage absorbed.",
"$STAT_DESC_DEFENSE_ENEMY","ARMOR<N>Amount of damage absorbed.",
"$STAT_DESC_STRONGS","STRENGTHS",
"$STAT_DESC_WEAKS","WEAKNESSES",
"$STAT_DESC_REGEN","REGENERATION<N>How fast HP recovers in HP/sec.",
"$STAT_DESC_REGEN_ENEMY","REGENERATION<N>How fast HP recovers in HP/sec.",
"$STAT_DESC_EVADE","EVADE<N>Chance of avoiding enemy attacks.",
"$STAT_DESC_EVADE_ENEMY","EVADE<N>Chance of avoiding attacks.",
"$STAT_DESC_RANGE","RANGE<N>Size of attack radius.",
"$STAT_DESC_RANGE_ENEMY","RANGE<N>Size of attack radius.",
"$STAT_DESC_SPELLS","SPELLS",
"$STAT_DESC_PORCUPINE","THORNS<N>Deals this much damage to a melee attacker.",
"$STAT_DESC_PHASING","PHASING<N>Periodically phases in and out;Can't be targetted or hit when phased out.<N>Pattern is tiles (in, out).",
"$STAT_DESC_BARRIER","BARRIER<N>Layers of protection from damage. Only extremely powerful magic can lower this.",
"$STAT_DESC_FINAL_HIT","FINAL HIT<N>How much damage <FINAL_HIT_TARGET> receives when enemy reaches the end.",
"$STRONG_DMG_MULT","<PERCENT>% DMG resist vs. <FLAVOR>",
"$STRONG_EVADE","<PERCENT>% evade <FLAVOR>",
"$SKILL_DESC_PSI_COST","Psi Cost",
"$SKILL_DESC_COOLDOWN","Cooldown",
"$SKILL_DESC_EFFECT","Effect",
"$SKILL_DESC_TARGET","Target",
"$SKILL_DESC_HITS","Hits",
"$SKILL_DESC_HITS_NUM","# Hits",
"$SKILL_DESC_SPECIAL","",
"$SKILL_DESC_SPLASH","Splash",
"$SKILL_DESC_DMG","Dmg",
"$SKILL_DESC_ADDS_CHANCE_TO_ALL","Adds <PERCENT>%<EXTRA> chance of <FLAV>* to all attacks.",
"$SKILL_DESC_ADDS_CHANCE_TO_ONE","Adds <PERCENT>%<EXTRA> chance of <FLAV>* to <LQ><ATTACK><RQ>.",
"$SKILL_DESC_ADDS_TO_ALL","Adds <FLAV>* to all attacks.",
"$SKILL_DESC_ADDS_TO_ONE","Adds <FLAV>* to <LQ><ATTACK><RQ>.",
"$SKILL_DESC_TOTAL_BONUS","Total bonus to <STAT>*<N>becomes +<AMOUNT><EXTRA>.",
"$MISC_FOE_SINGULAR","foe",
"$MISC_FOE_PLURAL","foes",
"$MISC_FRIEND_SINGULAR","friend",
"$MISC_FRIEND_PLURAL","friends",
"$MISC_1_FOE","1 foe",
"$MISC_X_FOES","<NUM> foes",
"$MISC_1_FRIEND","1 friend",
"$MISC_X_FRIENDS","<NUM> friends",
"$MISC_ALL_FOES","All foes in range",
"$MISC_ALL_FOES_IN","All foes in <TILES> tiles",
"$MISC_ALL_FRIENDS","All friends in range",
"$MISC_ALL_FRIENDS_IN","All friends in <TILES> tiles",
"$MISC_ALL_TARGETS","Targets in range",
"$MISC_ALL_TARGETS_IN","Targets in <TILES> tiles",
"$MISC_X_HITS_FOE","<NUM> per foe",
"$MISC_X_HITS_FRIEND","<NUM> per friend",
"$MISC_X_HITS_TARGET","<NUM> per target",
"$MISC_X_HITS_TOTAL","<NUM> total",
"$MISC_UP_TO_X_FRIENDS","Up to <NUM> <FRIEND>",
"$MISC_UP_TO_X_FOES","Up to <NUM> <FOE>",
"$MISC_SPLASH_DAMAGE","Splash",
"$MISC_SPLASH_LINE","<AMT> dmg, <TILES> tiles",
"$MISC_SAVED!","Saved!",
"$MISC_MISS","miss",
"$MISC_ACHIEVEMENT!","Achievement!",
"$BASE_ATTACK","Base attack",
"$BONUS_DEFENSE","Bonus defense",
"$DECIMATE_BY","Decimate by <PERCENT>%",
"$EN_SPELL_FRENZY_DESC","+<PERCENT> speed for <SEC> sec",
"$EN_SPELL_HEAL_DESC","Heal: <PERCENT> HP",
"$EN_SPELL_DRAGON_FIRE_1_DESC","<DMG> DMG",
"$EN_SPELL_DRAGON_FIRE_2_DESC","<LOW>-<HIGH> DMG",
"$SPECIAL_IMPROVES","Improves <FLAVOR>:",
"$SPECIAL_PLUS_FLAV","Adds <FLAVOR>:",
"$SPECIAL_SAVE_VS","Save vs. <FLAVOR> if HP >= <PERCENT>%",
"$TARGET_FIRST_TITLE","Target FIRST",
"$TARGET_FIRST_TEXT","Target the enemy closest to the end.",
"$TARGET_LAST_TITLE","Target LAST",
"$TARGET_LAST_TEXT","Target the enemy furthest from the end.",
"$TARGET_STRONG_TITLE","Target STRONGEST",
"$TARGET_STRONG_TEXT","Target the enemy with the most HP + Armor.",
"$TARGET_WEAK_TITLE","Target WEAKEST",
"$TARGET_WEAK_TEXT","Target the enemy with the least HP + Armor.",
"$TARGET_FAST_TITLE","Target FASTEST",
"$TARGET_FAST_TEXT","Target the fastest moving enemy.",
"$TARGET_HEAL_TITLE","Prioritize HEALING",
"$TARGET_HEAL_TEXT","Heal whenever possible, even if a better attack technique is ready.",
"$TARGET_FIGHT_TITLE","Prioritize FIGHTING",
"$TARGET_FIGHT_TEXT","Attack whenever possible, even if a better heal technique is ready.",
"$TARGET_BOTH_TITLE","Normal priority",
"$TARGET_BOTH_TEXT","Use techniques according to boost level.",
"$TARGET_CHEAP_TITLE","CHEAPEST technique",
"$TARGET_CHEAP_TEXT","Save higher-boost techniques for targets that can't be killed with a lesser one.",
"$TARGET_EFFECT_TITLE","Optimize EFFECTS",
"$TARGET_EFFECT_TEXT","Use status effect attacks against the least affected enemy.",
"$TARGET_BULLDOG_TITLE","BULLDOG mode",
"$TARGET_BULLDOG_TEXT","Never change targets until the enemy leaves range or dies.<N><N>Kinda tricky, recommended for advanced players only!",
"$TARGET_CHANCE_TITLE","Best CHANCE",
"$TARGET_CHANCE_TEXT","Target the enemy least likely to dodge or resist the attack.",
"$TARGET_BOSS_TITLE","Target BOSS",
"$TARGET_BOSS_TEXT","If not pressed, ignore boss enemies.",
"$TARGET_SAVE_TITLE","SAVE settings",
"$TARGET_SAVE_TEXT","Makes the current target settings the default for this character.",
"$CONFIRM_RES_CHANGE","Resolution changed.<N>Do you like it?<N><N>REVERTING IN <SECONDS> SECONDS.",
"$CONFIRM_RESTART_TITLE","Restart the battle?",
"$CONFIRM_RESTART_TEXT","You'll forfeit all experience & money earned so far.",
"$CONFIRM_QUIT_TITLE","Quit the battle?",
"$CONFIRM_QUIT_TEXT","<RE>$CONFIRM_RESTART_TEXT",
"$MISC_LEADER","leader",
"$MISC_LEVEL","level",
"$MISC_LVLUP","LVLUP",
"$MISC_LEVEL_UPX","LEVEL UPx",
"$MISC_LEVEL_UP!","LEVEL UP!",
"$MISC_ANONYMOUS","anonymous",
"$MISC_LEVEL_SHORT","LVL",
"$PARTY_HP","HP",
"$PARTY_PSI","PSI",
"$PARTY_XP","XP",
"$PARTY_ATTACK","Урон:<T>",
"$PARTY_RANGE","Радиус:<T>",
"$PARTY_SPEED","Скорость:<T>",
"$PARTY_DEFEND","Защита:<T>",
"$PARTY_EVADE","Evade:<T>",
"$PARTY_REGEN","Regen:<T>",
"$MISC_HP","hit points",
"$MISC_HP_SHORT","HP",
"$MISC_PSI","psi",
"$MISC_SPEED","speed",
"$MISC_SPEED_SHORT","SPD",
"$MISC_ATTACK","attack",
"$MISC_ATTACK_SHORT","ATK",
"$MISC_ARMOR","armor",
"$MISC_ARMOR_SHORT","ARMR",
"$MISC_EVADE","evade",
"$MISC_EVADE_SHORT","EVA",
"$MISC_EVASION","evasion",
"$MISC_DEFEND","defend",
"$MISC_DEFENSE","defense",
"$MISC_DEFENSE_SHORT","DEF",
"$MISC_RANGE","range",
"$MISC_RANGE_SHORT","RNG",
"$MISC_REGEN_LONG","regeneration",
"$MISC_REGEN","regen",
"$MISC_REGEN_SHORT","REG",
"$MISC_OF_DAMAGE","of DMG",
"$MISC_DAMAGE","damage",
"$MISC_DAMAGE_SHORT","DMG",
"$MISC_DAMAGE_RESIST","DMG resist",
"$MISC_RESIST","resist <SOMETHING>",
"$MISC_VS","vs",
"$MISC_TO","to",
"$MISC_VERSUS","versus",
"$MISC_DEF_SHORT","DEF",
"$MISC_PHASES","phases",
"$MISC_SWIMS","swims",
"$MISC_WALKS_ON","walks on",
"$MISC_HEAL","heal",
"$MISC_DEATH_SPLASH","death splash",
"$MISC_PORCUPINE","thorns",
"$MISC_DARK","dark",
"$MISC_DARK_DESC","(evades 75% of attacks)",
"$MISC_SPAWNS","spawns",
"$MISC_STRENGTHS","strengths",
"$MISC_WEAKNESSES","weaknesses",
"$MISC_IMMUNE_TO","Immune to <SOMETHING>",
"$MISC_AMOUNT","amount",
"$MISC_AMOUNT_SHORT","amt",
"$MISC_SECOND","second",
"$MISC_SECONDS","seconds",
"$MISC_SECOND_SHORT","sec",
"$MISC_SECONDS_SHORT","secs",
"$MISC_CHANCE","chance",
"$MISC_THRESHOLD","threshold",
"$MISC_BASE_ATTACK","base attack",
"$MISC_BONUS_DEFENSE","base defense",
"$MISC_SAVED","saved",
"$MISC_UNSAVED","unsaved",
"$MISC_EXIT","exit",
"$MISC_QUIT","выход",
"$MISC_CLOSE","close",
"$MISC_TRY_AGAIN","Try Again",
"$MISC_RANDOM","random",
"$MISC_HIRE","HIRE!",
"$MISC_CANT_AFFORD","Can't Afford",
"$MISC_CONFIRM_RECRUIT","Confirm Recruit",
"$MISC_CONFIRM_CHANGE","Confirm Change",
"$MISC_MAKE_CHANGE","Make these changes?",
"$MISC_HIRE_Q","Hire <NAME> the <CLASS> for<N><SCRAP> scrap?",
"$MISC_MODS","Mods",
"$MISC_CONFIG_DIR","Папка Сохранен.",
"$MISC_LANGUAGES","Язык игры",
"$MISC_PLEASE_ENTER_A_NAME!","<N>Введите имя!",
"$MISC_ARE_YOU_SURE","Вы уверены?",
"$MISC_NEXT","след",
"$MISC_PREVIOUS","предыдущий",
"$MISC_PREV","пред",
"$MISC_CANCEL","отмена",
"$MISC_UNDO_ALL","Вернуть всё",
"$MISC_UNDO","вернуть",
"$MISC_DOWNLOAD","скачать",
"$MISC_BEGIN","Начать",
"$MISC_LEAVE","покинуть",
"$MISC_WEAPONS","оружие",
"$MISC_ARMOR","щит",
"$MISC_RECRUIT","рекрут",
"$MISC_TALK","говорить",
"$MISC_QUIT","выйти",
"$MISC_ENTER","войти",
"$MISC_YES","да",
"$MISC_NO","нет",
"$MISC_OK","ок",
"$MISC_ACCEPT","ОК",
"$MISC_BACK","назад",
"$MISC_REFUSE","refuse",
"$MISC_RESTART","restart",
"$MISC_OKAY","ОК",
"$MISC_QUIT_BATTLE","отступить",
"$MISC_NONE","none",
"$MISC_SLOW","slow",
"$MISC_FAST","fast",
"$MISC_XP","xp",
"$MISC_EXPERIENCE","experience",
"$MISC_SCRAP","scrap",
"$MISC_COST","cost",
"$MISC_GAIN","gain",
"$MISC_CASUAL","casual",
"$MISC_CASUAL_SHORT","casual",
"$MISC_EASY","normal",
"$MISC_EASY_SHORT","normal",
"$MISC_NORMAL","normal",
"$MISC_NORMAL_SHORT","normal",
"$MISC_ADVANCED","advanced",
"$MISC_ADVANCED_SHORT","adv.",
"$MISC_EXTREME","extreme",
"$MISC_EXTREME_SHORT","extr.",
"$MISC_SELECT_CHALLENGE","Select Challenge:",
"$MISC_REWARD","Награда:",
"$MISC_PERFECT_BONUS","Perfect Bonus:",
"$MISC_WAVES","Волны",
"$MISC_ENEMY_LEVELS","Уровень врагов",
"$MISC_TYPES","Типы",
"$MISC_PASS","pass",
"$MISC_PERFECT","perfect",
"$MISC_PERFECT!","perfect!",
"$MISC_COMPLETE","complete",
"$MISC_COMPLETE!","complete!",
"$MISC_STRANGER","stranger",
"$MISC_DESCRIPTION","description",
"$MISC_DEFENDER","defender",
"$MISC_DEFENDERS","defenders",
"$MISC_STATS","stats",
"$MISC_STATUS","status",
"$MISC_NO_AFFORD","CAN'T AFFORD",
"$MISC_BUY","buy",
"$MISC_UPGRADE","upgrade",
"$MISC_SELL","sell",
"$MISC_NOTHING","nothing",
"$MISC_NOTHING!","nothing!",
"$MISC_SPECIAL","special",
"$MISC_UNKNOWN","unknown",
"$MISC_MORE","more...",
"$MISC_X_MORE","<X> more...",
"$MISC_EQUIP","equip",
"$MISC_CANT_EQUIP!","Can't Equip",
"$MISC_UNEQUIP","unequip",
"$MISC_SKILLS","Навыки",
"$MISC_SKILL","skill",
"$MISC_BOOST","boost",
"$MISC_SPELL","spell",
"$MISC_LOCKED","locked",
"$MISC_SKIP","skip",
"$MISC_NOTHING_TO_EQUIP","Nothing to equip!",
"$MISC_ENABLED","enabled",
"$MISC_DISABLED","disabled",
"$MISC_CONFIRM","confirm",
"$MISC_YOU_SURE","Вы уверены?",
"$MISC_LOADING","Загрузка...",
"$MISC_ENTER_TEXT","Введите текст:",
"$MISC_LOADING_PERCENT","Загрузка...<PERCENT>%",
"$MISC_BATTLE","Битва",
"$MISC_TOWN","Посёлок",
"$MISC_JOURNAL","Журнал",
"$MISC_MOVIES","Ролики",
"$MISC_OPTIONS","Опции",
"$MISC_CREDITS","Титры",
"$MISC_PARTY","Party",
"$MISC_ERROR","ошибка",
"$MISC_ERROR!","ошибка!",
"$MISC_BONUS","Бонус",
"$MISC_TIPS","Советы",
"$MISC_CONTINUE","continue",
"$MISC_PLEASE_WAIT","Секундочку...",
"$MISC_CLICK_HERE","Кликай",
"$MISC_ASSIGN_POINTS","Assign<N>Points",
"$MISC_NOBODY","Никто",
"$MISC_EMPTY","Пусто",
"$MISC_CHANGE","Change",
"$MISC_RESET","Reset",
"$MISC_DEFAULT","Default",
"$MISC_SELECT","Выбрать",
"$DATA_DUMP_LOCALES","Экспорт перевода...",
"$DATA_DUMP_DATA","Экспорт data files...",
"$DATA_DUMP_CUTSCENE","Экспорт cutscene images...",
"$DATA_DUMP_BKG","Экспорт background images...",
"$DATA_DUMP_EMBED","Экспорт embedded graphics...",
"$DATA_DUMP_IMAGES","Экспорт data images...",
"$DATA_DUMP_TABLES","Экспорт data tables...",
"$DATA_DUMP_MOD_INFO","Экспорт mod info...",
"$DATA_DUMP_MAP_FILES","Экспорт map files...",
"$DATA_DUMP_MAP_IMAGES","Экспорт map images...",
"$DATA_DUMP_AUDIO","Экспорт audio...",
"$REWARD_NEXT_LEVEL","Открытие следующего уровеня",
"$REWARD_FINISH","Конец игры",
"$REWARD_QUEST","История пройдена",
"$REWARD_NO_XP","Ничего!",
"$REWARD_NO_GOLD","Ничего!",
"$REWARD_XP","+ <XP> XP",
"$REWARD_GOLD","+ <GOLD> SCRAP",
"$HERO_BLURB_SLAK","A strange young man, both brave and unstable...",
"$HERO_BLURB_KETTA","A nomad huntress, cynical and world-weary...",
"$HERO_BLURB_BAKAL","A soft-spoken old monk, seeking forgiveness for his sins...",
"$HERO_BLURB_WRENNA","The last princess of Quaid, filled with vengeance for her fallen kingdom...",
"$HERO_BLURB_MARKOS","A proud young knight, striving to prove himself...",
"$HERO_BLURB_NIRU","Violent and mysterious, this dragon shares no secrets...",
"$TALK_ASH","ASH REFUGEE",
"$TALK_QUAID","QUAID REFUGEE",
"$TALK_NOMAD","NOMAD REFUGEE",
"$TALK_CULTIST","CULTIST PRIEST",
"$MAP_TEXT_LAIR","Пещера",
"$MAP_TEXT_SHRINE","Shrine",
"$MAP_TEXT_HERMIT","Hermit",
"$MAP_TEXT_PRISON","Тюрьма",
"$MAP_TEXT_UNKNOWN","???",
"$MAP_TEXT_TREASURE","Пещера",
"$MCGUFFIN_LEARN_SPELL","<MCG> learned a new spell!",
"$YOU_GOT_JOIN","<NAME> the <CLASS><N>joined the party!",
"$YOU_GOT","You got",
"$YOU_GOT_SCRAP","<SCRAP> scrap!",
"$YOU_GOT_X","<NUM>x <THING>!",
"$YOU_GOT_NO_EQUIP_YET","No one in your party can equip <THING> yet.<N>Don't worry, just keep playing and new characters will show up who can.",
"$YOU_GOT_NO_EQUIP","This item cannot be equipped.",
"$TOOLTIP_CASUAL","In casual mode, enemies have reduced hitpoints and attack damage.",
"$TOOLTIP_NORMAL","Normal challenge.<N><N>Most players should start here.",
"$TOOLTIP_ADVANCED","Harder challenge, with greater rewards.<N><N>Come back when you're strong enough.",
"$TOOLTIP_EXTREME","Hardest challenge, with the greatest rewards.<N><N>Be prepared!",
"$TIP_00_TITLE","Get Stuck?",
"$TIP_00_TEXT","<N><N>Sometimes it is helpful to go back and play an earlier battle to level up, get some gold, and buy better equipment. You can also try 'Casual' difficulty for a lighter challenge.",
"$TIP_10_TITLE","Hotkeys",
"$TIP_10_TEXT","You can control the game with the keyboard!<N><N>- Select spells<N>- Select characters to summon<N>- Boost / recall defenders<N>- Pause / unpause the game<N>- Cycle through summoned defenders<N>- Change targeting/speed options<N>- Tab-navigate through any interface<N>- Move cursor/click with the keyboard<N><N>(Customize keys in the options menu)",
"$TIP_20_TITLE","Навыки",
"$TIP_20_TEXT","Each defender gains 1 skill point whenever they level up.<N><N>Assign these points in the party menu to unlock new abilities for battle.<N><N>1) TECHNIQUES (round) - attacks used in battle<N>2) TRAITS (square) - passive, 'always-on' abilities.<N><N>More advanced techniques require boosting to use in battle.",
"$TIP_30_TITLE","Who Gets Experience?",
"$TIP_30_TEXT","<N><N>After a battle, everyone gets the same experience if they were alive and summoned at the end.<N><N>Everyone else gets half experience.  XP per character is the same regardless of number of characters.<N><N>You can change this penalty in the Accessibility menu.",
"$TIP_40_TITLE","Overworld",
"$TIP_40_TEXT","You can click and drag to pan around the overworld, or navigate with the keyboard.<N><N>Scrolling is mapped to the arrow keys by default.",
"$TIP_50_TITLE","Recall for 100% Psi",
"$TIP_50_TEXT","Recalling defenders normally nets you only a portion of the invested Psi.<N><N>If you recall them before the first enemy wave spawns, however, you'll get 100% of your Psi back.",
"$TIP_60_TITLE","Website and Forum",
"$TIP_60_TEXT","If you have a question, join the Defender's Quest online community at www.defendersquest.com!<N><N>We have a forum where you can ask questions, a collaborative wiki, as well as a development blog.",
"$TIP_70_TITLE","Place Defenders",
"$TIP_70_TEXT","You can use the keyboard to place defenders in battle.<N><N>Default controls are mapped to the arrow keys.",
"$TIP_80_TITLE","Battle Effects",
"$TIP_80_TEXT","The colors of the bouncing numbers indicate damage type.  White is normal, grey is reduced by armor, red is bleeding, orange is fire, purple is poison, and big is critical. <N><N>You can turn them on and off in the options menu under 'Gameplay.'",
"$TIP_90_TITLE","Unique Items",
"$TIP_90_TEXT","As you play levels on higher difficulties, you will occasionally find unique items.  These are powerful collectible items and cannot be sold in stores.",
"$TIP_100_TITLE","Recalling",
"$TIP_100_TEXT","Recalling summoned defenders will let you regain a portion of the Psi you've invested in them.<N><N>The amount of recalled Psi gets lower when the defender is injured.",
"$TIP_110_TITLE","Accessibility",
"$TIP_110_TEXT","If you have physical disabilities, check out the following in the options menu:<N><N>1) Video - play in fullscreen mode, scale up the visuals<N>2) Controls - remap all the controls<N>3) Accessibility - toggle effects, play speed, and experience multiplier",
"$TIP_120_TITLE","Public Service Announcement",
"$TIP_120_TEXT","This hint is simply included so nobody tries analyzing codes or deciphering enigmas.",
"$TIP_130_TITLE","Targeting Options",
"$TIP_130_TEXT","If you click on a defender, you can set their targeting options to favor enemies in the front, back, strong, weak, or fast - use these to optimize your attacks. For example, 'strong' can help you focus on bigger units or soften up a whole crowd.",
"$TIP_140_TITLE","Advanced Targeting",
"$TIP_140_TEXT","In addition to basic targeting options, there are four optional settings:<N><N>1) Cheapest technique <N>2) Optimize Effects <N>3) Best Chance <N>4) Bulldog mode<N><N>These aren't necessary, but can help advanced players maximize their battle strategies. You can even save default target options for a given character!",
"$TIP_150_TITLE","Fire and Ice",
"$TIP_150_TEXT","Fire and ice don't play well together.  Chill and freeze will cancel fire, fire will melt freeze, and will cancel chill.",
"$TIP_160_TITLE","Higher Difficulties",
"$TIP_160_TEXT","The 'Advanced' and 'Extreme' difficulties will usually be too tough to try immediately.<N><N>Give them a try after you've beaten the next few battles on normal.",
"$TIP_170_TITLE","Equipment",
"$TIP_170_TEXT","When you buy new equipment for your hero characters, your old stuff makes great hand-me-downs for your other party members.",
"$TIP_180_TITLE","Strength in Numbers",
"$TIP_180_TEXT","Grouping defenders close together makes enemies spread out their attacks, making it easier for each of them to survive.<N><N>The drawback to this strategy is that you cover less area.",
"$TIP_190_TITLE","Reward Multiplier",
"$TIP_190_TEXT","If you want to adjust the game's level-up pace, you can change the global experience multiplier from the options menu.<N><N>The default setting is 100%.<N><N>You can also change the multiplier for scrap.",
"$TIP_200_TITLE","Disabling Techniques",
"$TIP_200_TEXT","Sometimes a particular technique may be throwing off your groove (perhaps your dragon fireballs are melting all your ice), or you just want to save a powerful attack for later. If so, you can click on the defender, then click on the technique in the menu on the lower-right to temporarily disable it.",
"$TIP_210_TITLE","Where Are My Save Files?",
"$TIP_210_TEXT","On the save game menu, there's a button with a picture of a folder and wrench.<N><N>This will take you to where your saved games and configuration file are stored.",
"$TIP_220_TITLE","New Game+",
"$TIP_220_TEXT","After you finish the regular game, you can start a new adventure with your old party, with harder battles and crazy rewards!<N><N>Go to the save screen and select NEW GAME+ on your old save slot.",
"$TIP_230_TITLE","Upgrades",
"$TIP_230_TEXT","In NG+ mode, you'll be able to earn special artifacts that you can use to upgrade unique equipment from the regular game. These upgraded items have special powers!",
"$TIP_240_TITLE","Bonus Missions",
"$TIP_240_TEXT","Once you've earned enough stars, you'll start unlocking bonus battles. These special missions have extra challenges and extra rewards.",
"$TIP_250_TITLE","Psi Burn?",
"$TIP_250_TEXT","The Lightning spell has 'Psi burn', which burns off a proportion of the enemy's Psi reward each time.  If the spell does 40% damage to the enemy, 40% of their normal Psi reward will be removed.",
"$TIP_260_TITLE","Mod Support",
"$TIP_260_TEXT","Did you know you can make your own mods (modifications) of Defender's Quest?<N><N>Click on the big 'M' button in the save game menu.  You can change almost anything - stats, levels, classes, characters, cutscenes, graphics, items, etc.",
"$TIP_270_TITLE","Remember Mom",
"$TIP_270_TEXT","<N><N>Call your mother, she misses you.",
"$TYPE_DARK","Dark",
"$TYPE_SHEEP","Sheep",
"$TYPE_SPLITTER","Splitter",
"$TYPE_WORM","Worm",
"$TYPE_BOSS","Boss",
"$TYPE_NORMAL","Normal",
"$TYPE_CULTIST","Cultist",
"$TYPE_WATER","Water",
"$TYPE_FAST","Fast",
"$TYPE_SNAIL","Snail",
"$TYPE_REVENANT","Revenant",
"$TYPE_ATTACKER","Attacker",
"$TYPE_SPITTER","Spitter",
"$TYPE_NUKE_ON_KILL","NukeOnKill",
"$TYPE_ARMOR","Armored",
"$TYPE_STATIONARY","Stationary",
"$TYPE_TELEPORTER","Teleporter",
"$TYPE_EXALTED","Exalted",
"$TYPE_NO_END_DAMAGE","NoEndDamage",
"$END","end",